Year,State,Energy_Source,Value,Renewable
2008-09,New South Wales,Black coal,67650.3,False
2009-10,New South Wales,Black coal,64398.6,False
2010-11,New South Wales,Black coal,60732.2,False
2011-12,New South Wales,Black coal,60453.7,False
2012-13,New South Wales,Black coal,56798.6,False
2013-14,New South Wales,Black coal,55819.495,False
2014-15,New South Wales,Black coal,52562.2,False
2015-16,New South Wales,Black coal,55334.499,False
2016-17,New South Wales,Black coal,55967.139,False
2017-18,New South Wales,Black coal,57022.151,False
2018-19,New South Wales,Black coal,57734.932,False
2019-20,New South Wales,Black coal,53566.67,False
2020-21,New South Wales,Black coal,50790.813,False
2021-22,New South Wales,Black coal,46958.795,False
2022-23,New South Wales,Black coal,45602.768,False
2008-09,New South Wales,Brown coal,,False
2009-10,New South Wales,Brown coal,,False
2010-11,New South Wales,Brown coal,,False
2011-12,New South Wales,Brown coal,,False
2012-13,New South Wales,Brown coal,,False
2013-14,New South Wales,Brown coal,,False
2014-15,New South Wales,Brown coal,,False
2015-16,New South Wales,Brown coal,,False
2016-17,New South Wales,Brown coal,,False
2017-18,New South Wales,Brown coal,,False
2018-19,New South Wales,Brown coal,,False
2019-20,New South Wales,Brown coal,,False
2020-21,New South Wales,Brown coal,,False
2021-22,New South Wales,Brown coal,,False
2022-23,New South Wales,Brown coal,,False
2008-09,New South Wales,Natural gas,2445.1,False
2009-10,New South Wales,Natural gas,4681.3,False
2010-11,New South Wales,Natural gas,4742.7,False
2011-12,New South Wales,Natural gas,4212.1,False
2012-13,New South Wales,Natural gas,5168.7,False
2013-14,New South Wales,Natural gas,5528.3,False
2014-15,New South Wales,Natural gas,4528.39,False
2015-16,New South Wales,Natural gas,4628.561,False
2016-17,New South Wales,Natural gas,3330.808,False
2017-18,New South Wales,Natural gas,3045.834,False
2018-19,New South Wales,Natural gas,2360.324,False
2019-20,New South Wales,Natural gas,2870.937,False
2020-21,New South Wales,Natural gas,1903.206,False
2021-22,New South Wales,Natural gas,3210.705,False
2022-23,New South Wales,Natural gas,2497.562,False
2008-09,New South Wales,Oil products,24.7,False
2009-10,New South Wales,Oil products,5.6,False
2010-11,New South Wales,Oil products,61.4,False
2011-12,New South Wales,Oil products,42.1,False
2012-13,New South Wales,Oil products,190.9,False
2013-14,New South Wales,Oil products,170.7,False
2014-15,New South Wales,Oil products,284.3,False
2015-16,New South Wales,Oil products,289.533,False
2016-17,New South Wales,Oil products,321.55,False
2017-18,New South Wales,Oil products,324.365,False
2018-19,New South Wales,Oil products,322.563,False
2019-20,New South Wales,Oil products,337.29,False
2020-21,New South Wales,Oil products,340.577,False
2021-22,New South Wales,Oil products,458.081,False
2022-23,New South Wales,Oil products,389.558,False
2008-09,New South Wales,Other a,,False
2009-10,New South Wales,Other a,,False
2010-11,New South Wales,Other a,,False
2011-12,New South Wales,Other a,,False
2012-13,New South Wales,Other a,,False
2013-14,New South Wales,Other a,,False
2014-15,New South Wales,Other a,,False
2015-16,New South Wales,Other a,,False
2016-17,New South Wales,Other a,,False
2017-18,New South Wales,Other a,,False
2018-19,New South Wales,Other a,,False
2019-20,New South Wales,Other a,,False
2020-21,New South Wales,Other a,,False
2021-22,New South Wales,Other a,,False
2022-23,New South Wales,Other a,,False
2008-09,New South Wales,"Bagasse, wood",291.3,True
2009-10,New South Wales,"Bagasse, wood",295.3,True
2010-11,New South Wales,"Bagasse, wood",253.3,True
2011-12,New South Wales,"Bagasse, wood",413.6,True
2012-13,New South Wales,"Bagasse, wood",425.4,True
2013-14,New South Wales,"Bagasse, wood",461.7,True
2014-15,New South Wales,"Bagasse, wood",551.1,True
2015-16,New South Wales,"Bagasse, wood",601.734,True
2016-17,New South Wales,"Bagasse, wood",696.468,True
2017-18,New South Wales,"Bagasse, wood",764.985,True
2018-19,New South Wales,"Bagasse, wood",758.832,True
2019-20,New South Wales,"Bagasse, wood",716.2,True
2020-21,New South Wales,"Bagasse, wood",686.098,True
2021-22,New South Wales,"Bagasse, wood",568.338,True
2022-23,New South Wales,"Bagasse, wood",580.955,True
2008-09,New South Wales,Biogas,383.4,True
2009-10,New South Wales,Biogas,385.8,True
2010-11,New South Wales,Biogas,360.0,True
2011-12,New South Wales,Biogas,408.7,True
2012-13,New South Wales,Biogas,413.4,True
2013-14,New South Wales,Biogas,420.6,True
2014-15,New South Wales,Biogas,472.1,True
2015-16,New South Wales,Biogas,444.606,True
2016-17,New South Wales,Biogas,406.21,True
2017-18,New South Wales,Biogas,424.375,True
2018-19,New South Wales,Biogas,418.791,True
2019-20,New South Wales,Biogas,387.435,True
2020-21,New South Wales,Biogas,411.044,True
2021-22,New South Wales,Biogas,398.533,True
2022-23,New South Wales,Biogas,411.396,True
2008-09,New South Wales,Wind,41.3,True
2009-10,New South Wales,Wind,432.5,True
2010-11,New South Wales,Wind,530.091,True
2011-12,New South Wales,Wind,697.6,True
2012-13,New South Wales,Wind,832.6,True
2013-14,New South Wales,Wind,899.202,True
2014-15,New South Wales,Wind,1376.0,True
2015-16,New South Wales,Wind,1898.787,True
2016-17,New South Wales,Wind,1872.027,True
2017-18,New South Wales,Wind,2431.628,True
2018-19,New South Wales,Wind,3739.737,True
2019-20,New South Wales,Wind,4574.26,True
2020-21,New South Wales,Wind,4805.916,True
2021-22,New South Wales,Wind,5973.429,True
2022-23,New South Wales,Wind,6210.924,True
2008-09,New South Wales,Hydro,1496.977,True
2009-10,New South Wales,Hydro,2689.526,True
2010-11,New South Wales,Hydro,2474.878,True
2011-12,New South Wales,Hydro,2446.925,True
2012-13,New South Wales,Hydro,3298.089,True
2013-14,New South Wales,Hydro,2721.109,True
2014-15,New South Wales,Hydro,1770.988,True
2015-16,New South Wales,Hydro,3170.201,True
2016-17,New South Wales,Hydro,3290.647,True
2017-18,New South Wales,Hydro,2915.519,True
2018-19,New South Wales,Hydro,2160.284,True
2019-20,New South Wales,Hydro,2110.053,True
2020-21,New South Wales,Hydro,2964.239,True
2021-22,New South Wales,Hydro,3315.522,True
2022-23,New South Wales,Hydro,3752.077,True
2008-09,New South Wales,Large-scale solar PV,,True
2009-10,New South Wales,Large-scale solar PV,,True
2010-11,New South Wales,Large-scale solar PV,,True
2011-12,New South Wales,Large-scale solar PV,,True
2012-13,New South Wales,Large-scale solar PV,,True
2013-14,New South Wales,Large-scale solar PV,10.635,True
2014-15,New South Wales,Large-scale solar PV,60.176,True
2015-16,New South Wales,Large-scale solar PV,399.511,True
2016-17,New South Wales,Large-scale solar PV,567.558,True
2017-18,New South Wales,Large-scale solar PV,699.96,True
2018-19,New South Wales,Large-scale solar PV,1348.238,True
2019-20,New South Wales,Large-scale solar PV,2084.569,True
2020-21,New South Wales,Large-scale solar PV,3368.02,True
2021-22,New South Wales,Large-scale solar PV,5014.413,True
2022-23,New South Wales,Large-scale solar PV,6126.583,True
2008-09,New South Wales,Small-scale solar PV,36.3,True
2009-10,New South Wales,Small-scale solar PV,119.2,True
2010-11,New South Wales,Small-scale solar PV,526.3,True
2011-12,New South Wales,Small-scale solar PV,657.7,True
2012-13,New South Wales,Small-scale solar PV,857.6,True
2013-14,New South Wales,Small-scale solar PV,964.898,True
2014-15,New South Wales,Small-scale solar PV,1211.187,True
2015-16,New South Wales,Small-scale solar PV,1461.945,True
2016-17,New South Wales,Small-scale solar PV,1706.84,True
2017-18,New South Wales,Small-scale solar PV,2095.805,True
2018-19,New South Wales,Small-scale solar PV,2717.095,True
2019-20,New South Wales,Small-scale solar PV,3417.322,True
2020-21,New South Wales,Small-scale solar PV,4892.915,True
2021-22,New South Wales,Small-scale solar PV,6201.341,True
2022-23,New South Wales,Small-scale solar PV,7497.882,True
2008-09,New South Wales,Geothermal,,True
2009-10,New South Wales,Geothermal,,True
2010-11,New South Wales,Geothermal,,True
2011-12,New South Wales,Geothermal,,True
2012-13,New South Wales,Geothermal,,True
2013-14,New South Wales,Geothermal,,True
2014-15,New South Wales,Geothermal,,True
2015-16,New South Wales,Geothermal,,True
2016-17,New South Wales,Geothermal,,True
2017-18,New South Wales,Geothermal,,True
2018-19,New South Wales,Geothermal,,True
2019-20,New South Wales,Geothermal,,True
2020-21,New South Wales,Geothermal,,True
2021-22,New South Wales,Geothermal,,True
2022-23,New South Wales,Geothermal,,True
2008-09,Victoria,Black coal a,,False
2009-10,Victoria,Black coal a,,False
2010-11,Victoria,Black coal a,,False
2011-12,Victoria,Black coal a,,False
2012-13,Victoria,Black coal a,,False
2013-14,Victoria,Black coal a,,False
2014-15,Victoria,Black coal a,,False
2015-16,Victoria,Black coal a,,False
2016-17,Victoria,Black coal a,,False
2017-18,Victoria,Black coal a,,False
2018-19,Victoria,Black coal a,,False
2019-20,Victoria,Black coal a,,False
2020-21,Victoria,Black coal a,,False
2021-22,Victoria,Black coal a,,False
2022-23,Victoria,Black coal a,,False
2008-09,Victoria,Brown coal,52094.0,False
2009-10,Victoria,Brown coal,51541.7,False
2010-11,Victoria,Brown coal,51066.5,False
2011-12,Victoria,Brown coal,52059.7,False
2012-13,Victoria,Brown coal,45317.6,False
2013-14,Victoria,Brown coal,43977.7,False
2014-15,Victoria,Brown coal,48336.8,False
2015-16,Victoria,Brown coal,46234.132,False
2016-17,Victoria,Brown coal,43594.098,False
2017-18,Victoria,Brown coal,36021.427,False
2018-19,Victoria,Brown coal,34495.245,False
2019-20,Victoria,Brown coal,33661.55,False
2020-21,Victoria,Brown coal,34060.028,False
2021-22,Victoria,Brown coal,32515.636,False
2022-23,Victoria,Brown coal,31459.126,False
2008-09,Victoria,Natural gas,1451.9,False
2009-10,Victoria,Natural gas,1697.9,False
2010-11,Victoria,Natural gas,1289.8,False
2011-12,Victoria,Natural gas,1142.5,False
2012-13,Victoria,Natural gas,3247.7,False
2013-14,Victoria,Natural gas,3239.3,False
2014-15,Victoria,Natural gas,2390.927,False
2015-16,Victoria,Natural gas,1892.244,False
2016-17,Victoria,Natural gas,2658.739,False
2017-18,Victoria,Natural gas,3829.887,False
2018-19,Victoria,Natural gas,3334.031,False
2019-20,Victoria,Natural gas,3117.04,False
2020-21,Victoria,Natural gas,1956.916,False
2021-22,Victoria,Natural gas,2224.829,False
2022-23,Victoria,Natural gas,1693.466,False
2008-09,Victoria,Oil products,20.4,False
2009-10,Victoria,Oil products,1.1,False
2010-11,Victoria,Oil products,38.2,False
2011-12,Victoria,Oil products,4.0,False
2012-13,Victoria,Oil products,10.7,False
2013-14,Victoria,Oil products,145.8,False
2014-15,Victoria,Oil products,155.95,False
2015-16,Victoria,Oil products,70.573,False
2016-17,Victoria,Oil products,109.281,False
2017-18,Victoria,Oil products,178.023,False
2018-19,Victoria,Oil products,204.659,False
2019-20,Victoria,Oil products,201.974,False
2020-21,Victoria,Oil products,179.068,False
2021-22,Victoria,Oil products,219.429,False
2022-23,Victoria,Oil products,259.086,False
2008-09,Victoria,Other b,,False
2009-10,Victoria,Other b,,False
2010-11,Victoria,Other b,,False
2011-12,Victoria,Other b,,False
2012-13,Victoria,Other b,,False
2013-14,Victoria,Other b,,False
2014-15,Victoria,Other b,,False
2015-16,Victoria,Other b,,False
2016-17,Victoria,Other b,,False
2017-18,Victoria,Other b,,False
2018-19,Victoria,Other b,,False
2019-20,Victoria,Other b,,False
2020-21,Victoria,Other b,,False
2021-22,Victoria,Other b,,False
2022-23,Victoria,Other b,,False
2008-09,Victoria,"Bagasse, wood c",,True
2009-10,Victoria,"Bagasse, wood c",,True
2010-11,Victoria,"Bagasse, wood c",,True
2011-12,Victoria,"Bagasse, wood c",187.106,True
2012-13,Victoria,"Bagasse, wood c",171.14,True
2013-14,Victoria,"Bagasse, wood c",188.787,True
2014-15,Victoria,"Bagasse, wood c",251.976,True
2015-16,Victoria,"Bagasse, wood c",235.392,True
2016-17,Victoria,"Bagasse, wood c",263.355,True
2017-18,Victoria,"Bagasse, wood c",241.012,True
2018-19,Victoria,"Bagasse, wood c",235.469,True
2019-20,Victoria,"Bagasse, wood c",243.797,True
2020-21,Victoria,"Bagasse, wood c",229.67,True
2021-22,Victoria,"Bagasse, wood c",258.839,True
2022-23,Victoria,"Bagasse, wood c",192.908,True
2008-09,Victoria,Biogas,292.0,True
2009-10,Victoria,Biogas,303.4,True
2010-11,Victoria,Biogas,339.6,True
2011-12,Victoria,Biogas,672.241,True
2012-13,Victoria,Biogas,673.96,True
2013-14,Victoria,Biogas,698.103,True
2014-15,Victoria,Biogas,420.258,True
2015-16,Victoria,Biogas,512.312,True
2016-17,Victoria,Biogas,431.106,True
2017-18,Victoria,Biogas,460.192,True
2018-19,Victoria,Biogas,497.644,True
2019-20,Victoria,Biogas,535.728,True
2020-21,Victoria,Biogas,499.303,True
2021-22,Victoria,Biogas,497.999,True
2022-23,Victoria,Biogas,484.544,True
2008-09,Victoria,Wind,573.0,True
2009-10,Victoria,Wind,1406.0,True
2010-11,Victoria,Wind,1434.4,True
2011-12,Victoria,Wind,1416.2,True
2012-13,Victoria,Wind,2005.1,True
2013-14,Victoria,Wind,2771.9,True
2014-15,Victoria,Wind,3067.791,True
2015-16,Victoria,Wind,3341.83,True
2016-17,Victoria,Wind,3560.851,True
2017-18,Victoria,Wind,4303.851,True
2018-19,Victoria,Wind,4863.699,True
2019-20,Victoria,Wind,5596.248,True
2020-21,Victoria,Wind,7080.623,True
2021-22,Victoria,Wind,9563.573,True
2022-23,Victoria,Wind,11065.542,True
2008-09,Victoria,Hydro,2234.523,True
2009-10,Victoria,Hydro,1974.974,True
2010-11,Victoria,Hydro,3910.622,True
2011-12,Victoria,Hydro,2393.275,True
2012-13,Victoria,Hydro,3293.811,True
2013-14,Victoria,Hydro,2594.991,True
2014-15,Victoria,Hydro,2513.612,True
2015-16,Victoria,Hydro,3228.452,True
2016-17,Victoria,Hydro,3673.259,True
2017-18,Victoria,Hydro,2803.107,True
2018-19,Victoria,Hydro,2702.802,True
2019-20,Victoria,Hydro,2310.836,True
2020-21,Victoria,Hydro,2851.962,True
2021-22,Victoria,Hydro,2787.873,True
2022-23,Victoria,Hydro,3237.202,True
2008-09,Victoria,Large-scale solar PV,,True
2009-10,Victoria,Large-scale solar PV,,True
2010-11,Victoria,Large-scale solar PV,,True
2011-12,Victoria,Large-scale solar PV,,True
2012-13,Victoria,Large-scale solar PV,,True
2013-14,Victoria,Large-scale solar PV,4.41,True
2014-15,Victoria,Large-scale solar PV,9.066,True
2015-16,Victoria,Large-scale solar PV,11.473,True
2016-17,Victoria,Large-scale solar PV,13.802,True
2017-18,Victoria,Large-scale solar PV,39.442,True
2018-19,Victoria,Large-scale solar PV,462.469,True
2019-20,Victoria,Large-scale solar PV,872.458,True
2020-21,Victoria,Large-scale solar PV,1455.53,True
2021-22,Victoria,Large-scale solar PV,1897.432,True
2022-23,Victoria,Large-scale solar PV,1957.049,True
2008-09,Victoria,Small-scale solar PV,24.1,True
2009-10,Victoria,Small-scale solar PV,66.2,True
2010-11,Victoria,Small-scale solar PV,205.5,True
2011-12,Victoria,Small-scale solar PV,378.7,True
2012-13,Victoria,Small-scale solar PV,580.1,True
2013-14,Victoria,Small-scale solar PV,674.162,True
2014-15,Victoria,Small-scale solar PV,874.831,True
2015-16,Victoria,Small-scale solar PV,1056.128,True
2016-17,Victoria,Small-scale solar PV,1231.72,True
2017-18,Victoria,Small-scale solar PV,1481.194,True
2018-19,Victoria,Small-scale solar PV,1899.952,True
2019-20,Victoria,Small-scale solar PV,2457.27,True
2020-21,Victoria,Small-scale solar PV,3176.379,True
2021-22,Victoria,Small-scale solar PV,3941.958,True
2022-23,Victoria,Small-scale solar PV,4618.841,True
2008-09,Victoria,Geothermal,,True
2009-10,Victoria,Geothermal,,True
2010-11,Victoria,Geothermal,,True
2011-12,Victoria,Geothermal,,True
2012-13,Victoria,Geothermal,,True
2013-14,Victoria,Geothermal,,True
2014-15,Victoria,Geothermal,,True
2015-16,Victoria,Geothermal,,True
2016-17,Victoria,Geothermal,,True
2017-18,Victoria,Geothermal,,True
2018-19,Victoria,Geothermal,,True
2019-20,Victoria,Geothermal,,True
2020-21,Victoria,Geothermal,,True
2021-22,Victoria,Geothermal,,True
2022-23,Victoria,Geothermal,,True
2008-09,Queensland,Black coal,50882.2,False
2009-10,Queensland,Black coal,49713.7,False
2010-11,Queensland,Black coal,45864.3,False
2011-12,Queensland,Black coal,45417.3,False
2012-13,Queensland,Black coal,44415.6,False
2013-14,Queensland,Black coal,40260.7,False
2014-15,Queensland,Black coal,44553.8,False
2015-16,Queensland,Black coal,48015.845,False
2016-17,Queensland,Black coal,51042.664,False
2017-18,Queensland,Black coal,53635.267,False
2018-19,Queensland,Black coal,52120.624,False
2019-20,Queensland,Black coal,48568.909,False
2020-21,Queensland,Black coal,46248.188,False
2021-22,Queensland,Black coal,44460.898,False
2022-23,Queensland,Black coal,43230.766,False
2008-09,Queensland,Brown coal,,False
2009-10,Queensland,Brown coal,,False
2010-11,Queensland,Brown coal,,False
2011-12,Queensland,Brown coal,,False
2012-13,Queensland,Brown coal,,False
2013-14,Queensland,Brown coal,,False
2014-15,Queensland,Brown coal,,False
2015-16,Queensland,Brown coal,,False
2016-17,Queensland,Brown coal,,False
2017-18,Queensland,Brown coal,,False
2018-19,Queensland,Brown coal,,False
2019-20,Queensland,Brown coal,,False
2020-21,Queensland,Brown coal,,False
2021-22,Queensland,Brown coal,,False
2022-23,Queensland,Brown coal,,False
2008-09,Queensland,Natural gas,9257.2,False
2009-10,Queensland,Natural gas,12020.6,False
2010-11,Queensland,Natural gas,14595.3,False
2011-12,Queensland,Natural gas,15303.4,False
2012-13,Queensland,Natural gas,13909.5,False
2013-14,Queensland,Natural gas,15454.3,False
2014-15,Queensland,Natural gas,18248.5,False
2015-16,Queensland,Natural gas,13816.933,False
2016-17,Queensland,Natural gas,12236.549,False
2017-18,Queensland,Natural gas,11045.527,False
2018-19,Queensland,Natural gas,9933.919,False
2019-20,Queensland,Natural gas,11214.11,False
2020-21,Queensland,Natural gas,10324.408,False
2021-22,Queensland,Natural gas,9505.386,False
2022-23,Queensland,Natural gas,9113.598,False
2008-09,Queensland,Oil products,711.4,False
2009-10,Queensland,Oil products,370.7,False
2010-11,Queensland,Oil products,373.7,False
2011-12,Queensland,Oil products,306.0,False
2012-13,Queensland,Oil products,1042.6,False
2013-14,Queensland,Oil products,959.5,False
2014-15,Queensland,Oil products,1197.2,False
2015-16,Queensland,Oil products,1199.072,False
2016-17,Queensland,Oil products,1215.94,False
2017-18,Queensland,Oil products,1047.661,False
2018-19,Queensland,Oil products,1000.585,False
2019-20,Queensland,Oil products,983.729,False
2020-21,Queensland,Oil products,1034.932,False
2021-22,Queensland,Oil products,1098.305,False
2022-23,Queensland,Oil products,1235.302,False
2008-09,Queensland,Other a,,False
2009-10,Queensland,Other a,,False
2010-11,Queensland,Other a,,False
2011-12,Queensland,Other a,,False
2012-13,Queensland,Other a,,False
2013-14,Queensland,Other a,,False
2014-15,Queensland,Other a,,False
2015-16,Queensland,Other a,,False
2016-17,Queensland,Other a,,False
2017-18,Queensland,Other a,,False
2018-19,Queensland,Other a,,False
2019-20,Queensland,Other a,,False
2020-21,Queensland,Other a,,False
2021-22,Queensland,Other a,,False
2022-23,Queensland,Other a,,False
2008-09,Queensland,"Bagasse, wood",1472.1,True
2009-10,Queensland,"Bagasse, wood",1466.5,True
2010-11,Queensland,"Bagasse, wood",823.7,True
2011-12,Queensland,"Bagasse, wood",1005.6,True
2012-13,Queensland,"Bagasse, wood",1117.8,True
2013-14,Queensland,"Bagasse, wood",1403.0,True
2014-15,Queensland,"Bagasse, wood",1550.3,True
2015-16,Queensland,"Bagasse, wood",1656.281,True
2016-17,Queensland,"Bagasse, wood",1291.767,True
2017-18,Queensland,"Bagasse, wood",1252.897,True
2018-19,Queensland,"Bagasse, wood",1157.937,True
2019-20,Queensland,"Bagasse, wood",1029.768,True
2020-21,Queensland,"Bagasse, wood",1076.402,True
2021-22,Queensland,"Bagasse, wood",990.274,True
2022-23,Queensland,"Bagasse, wood",913.857,True
2008-09,Queensland,Biogas,116.4,True
2009-10,Queensland,Biogas,81.5,True
2010-11,Queensland,Biogas,97.0,True
2011-12,Queensland,Biogas,119.2,True
2012-13,Queensland,Biogas,121.4,True
2013-14,Queensland,Biogas,82.8,True
2014-15,Queensland,Biogas,91.1,True
2015-16,Queensland,Biogas,115.483,True
2016-17,Queensland,Biogas,118.269,True
2017-18,Queensland,Biogas,126.496,True
2018-19,Queensland,Biogas,175.075,True
2019-20,Queensland,Biogas,189.207,True
2020-21,Queensland,Biogas,198.522,True
2021-22,Queensland,Biogas,223.491,True
2022-23,Queensland,Biogas,256.128,True
2008-09,Queensland,Wind,27.3,True
2009-10,Queensland,Wind,30.909,True
2010-11,Queensland,Wind,27.3,True
2011-12,Queensland,Wind,27.7,True
2012-13,Queensland,Wind,30.7,True
2013-14,Queensland,Wind,33.7,True
2014-15,Queensland,Wind,32.492,True
2015-16,Queensland,Wind,28.406,True
2016-17,Queensland,Wind,28.962,True
2017-18,Queensland,Wind,30.274,True
2018-19,Queensland,Wind,399.139,True
2019-20,Queensland,Wind,927.89,True
2020-21,Queensland,Wind,1826.044,True
2021-22,Queensland,Wind,1850.128,True
2022-23,Queensland,Wind,2124.839,True
2008-09,Queensland,Hydro,820.2,True
2009-10,Queensland,Hydro,572.8,True
2010-11,Queensland,Hydro,965.6,True
2011-12,Queensland,Hydro,723.2,True
2012-13,Queensland,Hydro,684.1,True
2013-14,Queensland,Hydro,820.9,True
2014-15,Queensland,Hydro,649.1,True
2015-16,Queensland,Hydro,491.722,True
2016-17,Queensland,Hydro,672.206,True
2017-18,Queensland,Hydro,646.115,True
2018-19,Queensland,Hydro,1057.306,True
2019-20,Queensland,Hydro,634.622,True
2020-21,Queensland,Hydro,950.198,True
2021-22,Queensland,Hydro,1118.899,True
2022-23,Queensland,Hydro,1244.086,True
2008-09,Queensland,Large-scale solar PV,,True
2009-10,Queensland,Large-scale solar PV,,True
2010-11,Queensland,Large-scale solar PV,,True
2011-12,Queensland,Large-scale solar PV,,True
2012-13,Queensland,Large-scale solar PV,,True
2013-14,Queensland,Large-scale solar PV,4.013,True
2014-15,Queensland,Large-scale solar PV,5.928,True
2015-16,Queensland,Large-scale solar PV,7.325,True
2016-17,Queensland,Large-scale solar PV,34.087,True
2017-18,Queensland,Large-scale solar PV,171.467,True
2018-19,Queensland,Large-scale solar PV,1491.654,True
2019-20,Queensland,Large-scale solar PV,3334.52,True
2020-21,Queensland,Large-scale solar PV,3395.78,True
2021-22,Queensland,Large-scale solar PV,3766.083,True
2022-23,Queensland,Large-scale solar PV,5405.558,True
2008-09,Queensland,Small-scale solar PV,50.8,True
2009-10,Queensland,Small-scale solar PV,121.3,True
2010-11,Queensland,Small-scale solar PV,400.6,True
2011-12,Queensland,Small-scale solar PV,760.3,True
2012-13,Queensland,Small-scale solar PV,1310.2,True
2013-14,Queensland,Small-scale solar PV,1460.552,True
2014-15,Queensland,Small-scale solar PV,1788.021,True
2015-16,Queensland,Small-scale solar PV,2055.85,True
2016-17,Queensland,Small-scale solar PV,2335.873,True
2017-18,Queensland,Small-scale solar PV,2760.859,True
2018-19,Queensland,Small-scale solar PV,3330.242,True
2019-20,Queensland,Small-scale solar PV,4120.237,True
2020-21,Queensland,Small-scale solar PV,5160.929,True
2021-22,Queensland,Small-scale solar PV,6219.647,True
2022-23,Queensland,Small-scale solar PV,7214.829,True
2008-09,Queensland,Geothermal,0.5,True
2009-10,Queensland,Geothermal,0.5,True
2010-11,Queensland,Geothermal,0.5,True
2011-12,Queensland,Geothermal,0.5,True
2012-13,Queensland,Geothermal,0.5,True
2013-14,Queensland,Geothermal,0.5,True
2014-15,Queensland,Geothermal,0.6,True
2015-16,Queensland,Geothermal,0.215,True
2016-17,Queensland,Geothermal,0.502,True
2017-18,Queensland,Geothermal,,True
2018-19,Queensland,Geothermal,,True
2019-20,Queensland,Geothermal,,True
2020-21,Queensland,Geothermal,,True
2021-22,Queensland,Geothermal,,True
2022-23,Queensland,Geothermal,,True
2008-09,Western Australia,Black coal,8738.0,False
2009-10,Western Australia,Black coal,9612.2,False
2010-11,Western Australia,Black coal,10352.3,False
2011-12,Western Australia,Black coal,10783.3,False
2012-13,Western Australia,Black coal,10276.9,False
2013-14,Western Australia,Black coal,10885.3,False
2014-15,Western Australia,Black coal,10523.4,False
2015-16,Western Australia,Black coal,10912.688,False
2016-17,Western Australia,Black coal,11226.156,False
2017-18,Western Australia,Black coal,11031.872,False
2018-19,Western Australia,Black coal,9953.96,False
2019-20,Western Australia,Black coal,9725.243,False
2020-21,Western Australia,Black coal,9212.413,False
2021-22,Western Australia,Black coal,9656.465,False
2022-23,Western Australia,Black coal,7340.324,False
2008-09,Western Australia,Brown coal,,False
2009-10,Western Australia,Brown coal,,False
2010-11,Western Australia,Brown coal,,False
2011-12,Western Australia,Brown coal,,False
2012-13,Western Australia,Brown coal,,False
2013-14,Western Australia,Brown coal,,False
2014-15,Western Australia,Brown coal,,False
2015-16,Western Australia,Brown coal,,False
2016-17,Western Australia,Brown coal,,False
2017-18,Western Australia,Brown coal,,False
2018-19,Western Australia,Brown coal,,False
2019-20,Western Australia,Brown coal,,False
2020-21,Western Australia,Brown coal,,False
2021-22,Western Australia,Brown coal,,False
2022-23,Western Australia,Brown coal,,False
2008-09,Western Australia,Natural gas,14556.1,False
2009-10,Western Australia,Natural gas,16006.3,False
2010-11,Western Australia,Natural gas,18115.7,False
2011-12,Western Australia,Natural gas,17538.3,False
2012-13,Western Australia,Natural gas,17645.1,False
2013-14,Western Australia,Natural gas,20880.0,False
2014-15,Western Australia,Natural gas,20412.804,False
2015-16,Western Australia,Natural gas,21899.573,False
2016-17,Western Australia,Natural gas,22941.403,False
2017-18,Western Australia,Natural gas,24789.093,False
2018-19,Western Australia,Natural gas,25778.314,False
2019-20,Western Australia,Natural gas,26918.551,False
2020-21,Western Australia,Natural gas,25680.333,False
2021-22,Western Australia,Natural gas,25314.166,False
2022-23,Western Australia,Natural gas,27302.995,False
2008-09,Western Australia,Oil products,1464.4,False
2009-10,Western Australia,Oil products,1373.4,False
2010-11,Western Australia,Oil products,1413.8,False
2011-12,Western Australia,Oil products,1171.2,False
2012-13,Western Australia,Oil products,2045.0,False
2013-14,Western Australia,Oil products,2486.1,False
2014-15,Western Australia,Oil products,4223.5,False
2015-16,Western Australia,Oil products,3347.388,False
2016-17,Western Australia,Oil products,2883.482,False
2017-18,Western Australia,Oil products,2166.514,False
2018-19,Western Australia,Oil products,2417.855,False
2019-20,Western Australia,Oil products,2301.722,False
2020-21,Western Australia,Oil products,2458.258,False
2021-22,Western Australia,Oil products,2197.608,False
2022-23,Western Australia,Oil products,2197.932,False
2008-09,Western Australia,Other a,,False
2009-10,Western Australia,Other a,,False
2010-11,Western Australia,Other a,,False
2011-12,Western Australia,Other a,,False
2012-13,Western Australia,Other a,,False
2013-14,Western Australia,Other a,,False
2014-15,Western Australia,Other a,,False
2015-16,Western Australia,Other a,,False
2016-17,Western Australia,Other a,,False
2017-18,Western Australia,Other a,,False
2018-19,Western Australia,Other a,,False
2019-20,Western Australia,Other a,,False
2020-21,Western Australia,Other a,,False
2021-22,Western Australia,Other a,,False
2022-23,Western Australia,Other a,,False
2008-09,Western Australia,"Bagasse, wood b",,True
2009-10,Western Australia,"Bagasse, wood b",,True
2010-11,Western Australia,"Bagasse, wood b",,True
2011-12,Western Australia,"Bagasse, wood b",,True
2012-13,Western Australia,"Bagasse, wood b",,True
2013-14,Western Australia,"Bagasse, wood b",,True
2014-15,Western Australia,"Bagasse, wood b",,True
2015-16,Western Australia,"Bagasse, wood b",,True
2016-17,Western Australia,"Bagasse, wood b",,True
2017-18,Western Australia,"Bagasse, wood b",,True
2018-19,Western Australia,"Bagasse, wood b",,True
2019-20,Western Australia,"Bagasse, wood b",,True
2020-21,Western Australia,"Bagasse, wood b",,True
2021-22,Western Australia,"Bagasse, wood b",,True
2022-23,Western Australia,"Bagasse, wood b",,True
2008-09,Western Australia,Biogas,119.6,True
2009-10,Western Australia,Biogas,121.2,True
2010-11,Western Australia,Biogas,111.7,True
2011-12,Western Australia,Biogas,125.7,True
2012-13,Western Australia,Biogas,108.3,True
2013-14,Western Australia,Biogas,124.0,True
2014-15,Western Australia,Biogas,126.9,True
2015-16,Western Australia,Biogas,94.55,True
2016-17,Western Australia,Biogas,183.218,True
2017-18,Western Australia,Biogas,141.107,True
2018-19,Western Australia,Biogas,131.335,True
2019-20,Western Australia,Biogas,112.444,True
2020-21,Western Australia,Biogas,110.794,True
2021-22,Western Australia,Biogas,119.25,True
2022-23,Western Australia,Biogas,119.96,True
2008-09,Western Australia,Wind,675.1,True
2009-10,Western Australia,Wind,664.0,True
2010-11,Western Australia,Wind,719.3,True
2011-12,Western Australia,Wind,1278.7,True
2012-13,Western Australia,Wind,1300.2,True
2013-14,Western Australia,Wind,1578.8,True
2014-15,Western Australia,Wind,1643.2,True
2015-16,Western Australia,Wind,1476.458,True
2016-17,Western Australia,Wind,1616.678,True
2017-18,Western Australia,Wind,1586.985,True
2018-19,Western Australia,Wind,1851.152,True
2019-20,Western Australia,Wind,2122.54,True
2020-21,Western Australia,Wind,3140.458,True
2021-22,Western Australia,Wind,3676.727,True
2022-23,Western Australia,Wind,3378.649,True
2008-09,Western Australia,Hydro,,True
2009-10,Western Australia,Hydro,,True
2010-11,Western Australia,Hydro,,True
2011-12,Western Australia,Hydro,,True
2012-13,Western Australia,Hydro,221.3,True
2013-14,Western Australia,Hydro,205.4,True
2014-15,Western Australia,Hydro,206.1,True
2015-16,Western Australia,Hydro,217.028,True
2016-17,Western Australia,Hydro,212.622,True
2017-18,Western Australia,Hydro,220.787,True
2018-19,Western Australia,Hydro,217.009,True
2019-20,Western Australia,Hydro,205.525,True
2020-21,Western Australia,Hydro,127.962,True
2021-22,Western Australia,Hydro,76.475,True
2022-23,Western Australia,Hydro,71.316,True
2008-09,Western Australia,Large-scale solar PV,,True
2009-10,Western Australia,Large-scale solar PV,,True
2010-11,Western Australia,Large-scale solar PV,,True
2011-12,Western Australia,Large-scale solar PV,,True
2012-13,Western Australia,Large-scale solar PV,,True
2013-14,Western Australia,Large-scale solar PV,24.137,True
2014-15,Western Australia,Large-scale solar PV,23.884,True
2015-16,Western Australia,Large-scale solar PV,28.349,True
2016-17,Western Australia,Large-scale solar PV,34.261,True
2017-18,Western Australia,Large-scale solar PV,45.608,True
2018-19,Western Australia,Large-scale solar PV,74.523,True
2019-20,Western Australia,Large-scale solar PV,174.72,True
2020-21,Western Australia,Large-scale solar PV,486.59,True
2021-22,Western Australia,Large-scale solar PV,745.489,True
2022-23,Western Australia,Large-scale solar PV,907.67,True
2008-09,Western Australia,Small-scale solar PV,18.7,True
2009-10,Western Australia,Small-scale solar PV,57.5,True
2010-11,Western Australia,Small-scale solar PV,198.1,True
2011-12,Western Australia,Small-scale solar PV,331.4,True
2012-13,Western Australia,Small-scale solar PV,449.5,True
2013-14,Western Australia,Small-scale solar PV,495.849,True
2014-15,Western Australia,Small-scale solar PV,622.13,True
2015-16,Western Australia,Small-scale solar PV,760.766,True
2016-17,Western Australia,Small-scale solar PV,941.132,True
2017-18,Western Australia,Small-scale solar PV,1196.428,True
2018-19,Western Australia,Small-scale solar PV,1486.69,True
2019-20,Western Australia,Small-scale solar PV,1835.292,True
2020-21,Western Australia,Small-scale solar PV,2298.474,True
2021-22,Western Australia,Small-scale solar PV,2763.104,True
2022-23,Western Australia,Small-scale solar PV,3159.368,True
2008-09,Western Australia,Geothermal,,True
2009-10,Western Australia,Geothermal,,True
2010-11,Western Australia,Geothermal,,True
2011-12,Western Australia,Geothermal,,True
2012-13,Western Australia,Geothermal,,True
2013-14,Western Australia,Geothermal,,True
2014-15,Western Australia,Geothermal,,True
2015-16,Western Australia,Geothermal,,True
2016-17,Western Australia,Geothermal,,True
2017-18,Western Australia,Geothermal,,True
2018-19,Western Australia,Geothermal,,True
2019-20,Western Australia,Geothermal,,True
2020-21,Western Australia,Geothermal,,True
2021-22,Western Australia,Geothermal,,True
2022-23,Western Australia,Geothermal,,True
2008-09,South Australia,Black coal,,False
2009-10,South Australia,Black coal,,False
2010-11,South Australia,Black coal,,False
2011-12,South Australia,Black coal,,False
2012-13,South Australia,Black coal,,False
2013-14,South Australia,Black coal,,False
2014-15,South Australia,Black coal,,False
2015-16,South Australia,Black coal,,False
2016-17,South Australia,Black coal,,False
2017-18,South Australia,Black coal,,False
2018-19,South Australia,Black coal,,False
2019-20,South Australia,Black coal,,False
2020-21,South Australia,Black coal,,False
2021-22,South Australia,Black coal,,False
2022-23,South Australia,Black coal,,False
2008-09,South Australia,Brown coal,4887.4,False
2009-10,South Australia,Brown coal,4526.6,False
2010-11,South Australia,Brown coal,4231.6,False
2011-12,South Australia,Brown coal,3008.0,False
2012-13,South Australia,Brown coal,2237.5,False
2013-14,South Australia,Brown coal,2098.5,False
2014-15,South Australia,Brown coal,2633.6,False
2015-16,South Australia,Brown coal,2593.675,False
2016-17,South Australia,Brown coal,,False
2017-18,South Australia,Brown coal,,False
2018-19,South Australia,Brown coal,,False
2019-20,South Australia,Brown coal,,False
2020-21,South Australia,Brown coal,,False
2021-22,South Australia,Brown coal,,False
2022-23,South Australia,Brown coal,,False
2008-09,South Australia,Natural gas,7371.4,False
2009-10,South Australia,Natural gas,6937.0,False
2010-11,South Australia,Natural gas,6693.1,False
2011-12,South Australia,Natural gas,6703.2,False
2012-13,South Australia,Natural gas,7060.9,False
2013-14,South Australia,Natural gas,5998.1,False
2014-15,South Australia,Natural gas,5003.849,False
2015-16,South Australia,Natural gas,4956.027,False
2016-17,South Australia,Natural gas,6028.202,False
2017-18,South Australia,Natural gas,7753.197,False
2018-19,South Australia,Natural gas,7245.797,False
2019-20,South Australia,Natural gas,6614.008,False
2020-21,South Australia,Natural gas,5588.962,False
2021-22,South Australia,Natural gas,4288.888,False
2022-23,South Australia,Natural gas,3903.827,False
2008-09,South Australia,Oil products,63.2,False
2009-10,South Australia,Oil products,163.9,False
2010-11,South Australia,Oil products,89.3,False
2011-12,South Australia,Oil products,97.8,False
2012-13,South Australia,Oil products,141.0,False
2013-14,South Australia,Oil products,106.9,False
2014-15,South Australia,Oil products,197.3,False
2015-16,South Australia,Oil products,136.165,False
2016-17,South Australia,Oil products,183.118,False
2017-18,South Australia,Oil products,132.837,False
2018-19,South Australia,Oil products,163.034,False
2019-20,South Australia,Oil products,159.398,False
2020-21,South Australia,Oil products,126.725,False
2021-22,South Australia,Oil products,217.975,False
2022-23,South Australia,Oil products,242.628,False
2008-09,South Australia,Other a,,False
2009-10,South Australia,Other a,,False
2010-11,South Australia,Other a,,False
2011-12,South Australia,Other a,,False
2012-13,South Australia,Other a,,False
2013-14,South Australia,Other a,,False
2014-15,South Australia,Other a,,False
2015-16,South Australia,Other a,,False
2016-17,South Australia,Other a,,False
2017-18,South Australia,Other a,,False
2018-19,South Australia,Other a,,False
2019-20,South Australia,Other a,,False
2020-21,South Australia,Other a,,False
2021-22,South Australia,Other a,,False
2022-23,South Australia,Other a,,False
2008-09,South Australia,"Bagasse, wood",,True
2009-10,South Australia,"Bagasse, wood",,True
2010-11,South Australia,"Bagasse, wood",,True
2011-12,South Australia,"Bagasse, wood",,True
2012-13,South Australia,"Bagasse, wood",,True
2013-14,South Australia,"Bagasse, wood",,True
2014-15,South Australia,"Bagasse, wood",,True
2015-16,South Australia,"Bagasse, wood",,True
2016-17,South Australia,"Bagasse, wood",,True
2017-18,South Australia,"Bagasse, wood",,True
2018-19,South Australia,"Bagasse, wood",,True
2019-20,South Australia,"Bagasse, wood",,True
2020-21,South Australia,"Bagasse, wood",,True
2021-22,South Australia,"Bagasse, wood",,True
2022-23,South Australia,"Bagasse, wood",,True
2008-09,South Australia,Biogas,86.1,True
2009-10,South Australia,Biogas,85.5,True
2010-11,South Australia,Biogas,77.8,True
2011-12,South Australia,Biogas,70.6,True
2012-13,South Australia,Biogas,72.6,True
2013-14,South Australia,Biogas,80.9,True
2014-15,South Australia,Biogas,84.9,True
2015-16,South Australia,Biogas,94.596,True
2016-17,South Australia,Biogas,78.024,True
2017-18,South Australia,Biogas,73.952,True
2018-19,South Australia,Biogas,85.01,True
2019-20,South Australia,Biogas,97.446,True
2020-21,South Australia,Biogas,94.595,True
2021-22,South Australia,Biogas,94.582,True
2022-23,South Australia,Biogas,92.24,True
2008-09,South Australia,Wind,2020.2,True
2009-10,South Australia,Wind,2029.0,True
2010-11,South Australia,Wind,2890.3,True
2011-12,South Australia,Wind,3126.528,True
2012-13,South Australia,Wind,3313.5,True
2013-14,South Australia,Wind,4150.337,True
2014-15,South Australia,Wind,4291.901,True
2015-16,South Australia,Wind,4398.022,True
2016-17,South Australia,Wind,4413.692,True
2017-18,South Australia,Wind,5673.898,True
2018-19,South Australia,Wind,5711.02,True
2019-20,South Australia,Wind,5812.912,True
2020-21,South Australia,Wind,5867.068,True
2021-22,South Australia,Wind,6254.756,True
2022-23,South Australia,Wind,6799.644,True
2008-09,South Australia,Hydro,4.1,True
2009-10,South Australia,Hydro,4.2,True
2010-11,South Australia,Hydro,4.1,True
2011-12,South Australia,Hydro,4.4,True
2012-13,South Australia,Hydro,5.9,True
2013-14,South Australia,Hydro,5.9,True
2014-15,South Australia,Hydro,10.8,True
2015-16,South Australia,Hydro,6.481,True
2016-17,South Australia,Hydro,3.451,True
2017-18,South Australia,Hydro,6.352,True
2018-19,South Australia,Hydro,8.803,True
2019-20,South Australia,Hydro,10.264,True
2020-21,South Australia,Hydro,3.455,True
2021-22,South Australia,Hydro,2.496,True
2022-23,South Australia,Hydro,1.548,True
2008-09,South Australia,Large-scale solar PV,,True
2009-10,South Australia,Large-scale solar PV,,True
2010-11,South Australia,Large-scale solar PV,,True
2011-12,South Australia,Large-scale solar PV,,True
2012-13,South Australia,Large-scale solar PV,,True
2013-14,South Australia,Large-scale solar PV,1.385,True
2014-15,South Australia,Large-scale solar PV,1.722,True
2015-16,South Australia,Large-scale solar PV,2.0,True
2016-17,South Australia,Large-scale solar PV,3.925,True
2017-18,South Australia,Large-scale solar PV,20.045,True
2018-19,South Australia,Large-scale solar PV,321.329,True
2019-20,South Australia,Large-scale solar PV,627.836,True
2020-21,South Australia,Large-scale solar PV,884.33,True
2021-22,South Australia,Large-scale solar PV,1096.66,True
2022-23,South Australia,Large-scale solar PV,1608.431,True
2008-09,South Australia,Small-scale solar PV,23.4,True
2009-10,South Australia,Small-scale solar PV,50.7,True
2010-11,South Australia,Small-scale solar PV,182.8,True
2011-12,South Australia,Small-scale solar PV,398.1,True
2012-13,South Australia,Small-scale solar PV,558.6,True
2013-14,South Australia,Small-scale solar PV,677.943,True
2014-15,South Australia,Small-scale solar PV,802.239,True
2015-16,South Australia,Small-scale solar PV,895.45,True
2016-17,South Australia,Small-scale solar PV,1000.833,True
2017-18,South Australia,Small-scale solar PV,1163.369,True
2018-19,South Australia,Small-scale solar PV,1402.512,True
2019-20,South Australia,Small-scale solar PV,1717.581,True
2020-21,South Australia,Small-scale solar PV,2128.182,True
2021-22,South Australia,Small-scale solar PV,2505.006,True
2022-23,South Australia,Small-scale solar PV,2860.547,True
2008-09,South Australia,Geothermal,,True
2009-10,South Australia,Geothermal,,True
2010-11,South Australia,Geothermal,,True
2011-12,South Australia,Geothermal,,True
2012-13,South Australia,Geothermal,,True
2013-14,South Australia,Geothermal,,True
2014-15,South Australia,Geothermal,,True
2015-16,South Australia,Geothermal,,True
2016-17,South Australia,Geothermal,,True
2017-18,South Australia,Geothermal,,True
2018-19,South Australia,Geothermal,,True
2019-20,South Australia,Geothermal,,True
2020-21,South Australia,Geothermal,,True
2021-22,South Australia,Geothermal,,True
2022-23,South Australia,Geothermal,,True
2008-09,Tasmania,Black coal,,False
2009-10,Tasmania,Black coal,,False
2010-11,Tasmania,Black coal,,False
2011-12,Tasmania,Black coal,,False
2012-13,Tasmania,Black coal,,False
2013-14,Tasmania,Black coal,,False
2014-15,Tasmania,Black coal,,False
2015-16,Tasmania,Black coal,,False
2016-17,Tasmania,Black coal,,False
2017-18,Tasmania,Black coal,,False
2018-19,Tasmania,Black coal,,False
2019-20,Tasmania,Black coal,,False
2020-21,Tasmania,Black coal,,False
2021-22,Tasmania,Black coal,,False
2022-23,Tasmania,Black coal,,False
2008-09,Tasmania,Brown coal,,False
2009-10,Tasmania,Brown coal,,False
2010-11,Tasmania,Brown coal,,False
2011-12,Tasmania,Brown coal,,False
2012-13,Tasmania,Brown coal,,False
2013-14,Tasmania,Brown coal,,False
2014-15,Tasmania,Brown coal,,False
2015-16,Tasmania,Brown coal,,False
2016-17,Tasmania,Brown coal,,False
2017-18,Tasmania,Brown coal,,False
2018-19,Tasmania,Brown coal,,False
2019-20,Tasmania,Brown coal,,False
2020-21,Tasmania,Brown coal,,False
2021-22,Tasmania,Brown coal,,False
2022-23,Tasmania,Brown coal,,False
2008-09,Tasmania,Natural gas,705.3,False
2009-10,Tasmania,Natural gas,1109.8,False
2010-11,Tasmania,Natural gas,1506.0,False
2011-12,Tasmania,Natural gas,1562.7,False
2012-13,Tasmania,Natural gas,1752.5,False
2013-14,Tasmania,Natural gas,985.0,False
2014-15,Tasmania,Natural gas,131.042,False
2015-16,Tasmania,Natural gas,858.027,False
2016-17,Tasmania,Natural gas,897.553,False
2017-18,Tasmania,Natural gas,980.373,False
2018-19,Tasmania,Natural gas,619.786,False
2019-20,Tasmania,Natural gas,196.631,False
2020-21,Tasmania,Natural gas,186.131,False
2021-22,Tasmania,Natural gas,174.762,False
2022-23,Tasmania,Natural gas,193.567,False
2008-09,Tasmania,Oil products,64.5,False
2009-10,Tasmania,Oil products,73.9,False
2010-11,Tasmania,Oil products,94.9,False
2011-12,Tasmania,Oil products,60.5,False
2012-13,Tasmania,Oil products,12.1,False
2013-14,Tasmania,Oil products,19.7,False
2014-15,Tasmania,Oil products,18.9,False
2015-16,Tasmania,Oil products,90.255,False
2016-17,Tasmania,Oil products,21.817,False
2017-18,Tasmania,Oil products,24.3,False
2018-19,Tasmania,Oil products,19.27,False
2019-20,Tasmania,Oil products,20.682,False
2020-21,Tasmania,Oil products,19.835,False
2021-22,Tasmania,Oil products,10.676,False
2022-23,Tasmania,Oil products,12.669,False
2008-09,Tasmania,Other a,,False
2009-10,Tasmania,Other a,,False
2010-11,Tasmania,Other a,,False
2011-12,Tasmania,Other a,,False
2012-13,Tasmania,Other a,,False
2013-14,Tasmania,Other a,,False
2014-15,Tasmania,Other a,,False
2015-16,Tasmania,Other a,,False
2016-17,Tasmania,Other a,,False
2017-18,Tasmania,Other a,,False
2018-19,Tasmania,Other a,,False
2019-20,Tasmania,Other a,,False
2020-21,Tasmania,Other a,,False
2021-22,Tasmania,Other a,,False
2022-23,Tasmania,Other a,,False
2008-09,Tasmania,"Bagasse, wood",,True
2009-10,Tasmania,"Bagasse, wood",,True
2010-11,Tasmania,"Bagasse, wood",,True
2011-12,Tasmania,"Bagasse, wood",,True
2012-13,Tasmania,"Bagasse, wood",,True
2013-14,Tasmania,"Bagasse, wood",,True
2014-15,Tasmania,"Bagasse, wood",,True
2015-16,Tasmania,"Bagasse, wood",,True
2016-17,Tasmania,"Bagasse, wood",,True
2017-18,Tasmania,"Bagasse, wood",,True
2018-19,Tasmania,"Bagasse, wood",,True
2019-20,Tasmania,"Bagasse, wood",,True
2020-21,Tasmania,"Bagasse, wood",,True
2021-22,Tasmania,"Bagasse, wood",,True
2022-23,Tasmania,"Bagasse, wood",,True
2008-09,Tasmania,Biogas,25.1,True
2009-10,Tasmania,Biogas,29.0,True
2010-11,Tasmania,Biogas,29.9,True
2011-12,Tasmania,Biogas,33.3,True
2012-13,Tasmania,Biogas,33.0,True
2013-14,Tasmania,Biogas,30.6,True
2014-15,Tasmania,Biogas,34.6,True
2015-16,Tasmania,Biogas,27.252,True
2016-17,Tasmania,Biogas,24.517,True
2017-18,Tasmania,Biogas,24.062,True
2018-19,Tasmania,Biogas,27.004,True
2019-20,Tasmania,Biogas,30.883,True
2020-21,Tasmania,Biogas,31.774,True
2021-22,Tasmania,Biogas,32.976,True
2022-23,Tasmania,Biogas,31.817,True
2008-09,Tasmania,Wind,486.897,True
2009-10,Tasmania,Wind,489.3,True
2010-11,Tasmania,Wind,483.5,True
2011-12,Tasmania,Wind,423.1,True
2012-13,Tasmania,Wind,477.5,True
2013-14,Tasmania,Wind,818.0,True
2014-15,Tasmania,Wind,1055.1,True
2015-16,Tasmania,Wind,1055.996,True
2016-17,Tasmania,Wind,1104.776,True
2017-18,Tasmania,Wind,1147.79,True
2018-19,Tasmania,Wind,1147.203,True
2019-20,Tasmania,Wind,1362.035,True
2020-21,Tasmania,Wind,1815.259,True
2021-22,Tasmania,Wind,1789.181,True
2022-23,Tasmania,Wind,1805.276,True
2008-09,Tasmania,Hydro,7313.6,True
2009-10,Tasmania,Hydro,8307.2,True
2010-11,Tasmania,Hydro,9451.5,True
2011-12,Tasmania,Hydro,8515.5,True
2012-13,Tasmania,Hydro,10766.4,True
2013-14,Tasmania,Hydro,12072.6,True
2014-15,Tasmania,Hydro,8294.4,True
2015-16,Tasmania,Hydro,8204.296,True
2016-17,Tasmania,Hydro,8432.701,True
2017-18,Tasmania,Hydro,9428.909,True
2018-19,Tasmania,Hydro,9821.078,True
2019-20,Tasmania,Hydro,9878.333,True
2020-21,Tasmania,Hydro,8301.873,True
2021-22,Tasmania,Hydro,9709.625,True
2022-23,Tasmania,Hydro,8359.825,True
2008-09,Tasmania,Large-scale solar PV,,True
2009-10,Tasmania,Large-scale solar PV,,True
2010-11,Tasmania,Large-scale solar PV,,True
2011-12,Tasmania,Large-scale solar PV,,True
2012-13,Tasmania,Large-scale solar PV,,True
2013-14,Tasmania,Large-scale solar PV,0.04,True
2014-15,Tasmania,Large-scale solar PV,0.04,True
2015-16,Tasmania,Large-scale solar PV,0.039,True
2016-17,Tasmania,Large-scale solar PV,0.296,True
2017-18,Tasmania,Large-scale solar PV,0.556,True
2018-19,Tasmania,Large-scale solar PV,1.495,True
2019-20,Tasmania,Large-scale solar PV,2.754,True
2020-21,Tasmania,Large-scale solar PV,3.03,True
2021-22,Tasmania,Large-scale solar PV,2.973,True
2022-23,Tasmania,Large-scale solar PV,3.713,True
2008-09,Tasmania,Small-scale solar PV,1.8,True
2009-10,Tasmania,Small-scale solar PV,5.6,True
2010-11,Tasmania,Small-scale solar PV,11.6,True
2011-12,Tasmania,Small-scale solar PV,22.7,True
2012-13,Tasmania,Small-scale solar PV,53.3,True
2013-14,Tasmania,Small-scale solar PV,73.516,True
2014-15,Tasmania,Small-scale solar PV,96.806,True
2015-16,Tasmania,Small-scale solar PV,108.462,True
2016-17,Tasmania,Small-scale solar PV,121.61,True
2017-18,Tasmania,Small-scale solar PV,138.931,True
2018-19,Tasmania,Small-scale solar PV,161.79,True
2019-20,Tasmania,Small-scale solar PV,187.173,True
2020-21,Tasmania,Small-scale solar PV,218.629,True
2021-22,Tasmania,Small-scale solar PV,255.501,True
2022-23,Tasmania,Small-scale solar PV,297.825,True
2008-09,Tasmania,Geothermal,,True
2009-10,Tasmania,Geothermal,,True
2010-11,Tasmania,Geothermal,,True
2011-12,Tasmania,Geothermal,,True
2012-13,Tasmania,Geothermal,,True
2013-14,Tasmania,Geothermal,,True
2014-15,Tasmania,Geothermal,,True
2015-16,Tasmania,Geothermal,,True
2016-17,Tasmania,Geothermal,,True
2017-18,Tasmania,Geothermal,,True
2018-19,Tasmania,Geothermal,,True
2019-20,Tasmania,Geothermal,,True
2020-21,Tasmania,Geothermal,,True
2021-22,Tasmania,Geothermal,,True
2022-23,Tasmania,Geothermal,,True
2008-09,Northern Territory,Black coal,,False
2009-10,Northern Territory,Black coal,,False
2010-11,Northern Territory,Black coal,,False
2011-12,Northern Territory,Black coal,,False
2012-13,Northern Territory,Black coal,,False
2013-14,Northern Territory,Black coal,,False
2014-15,Northern Territory,Black coal,,False
2015-16,Northern Territory,Black coal,,False
2016-17,Northern Territory,Black coal,,False
2017-18,Northern Territory,Black coal,,False
2018-19,Northern Territory,Black coal,,False
2019-20,Northern Territory,Black coal,,False
2020-21,Northern Territory,Black coal,,False
2021-22,Northern Territory,Black coal,,False
2022-23,Northern Territory,Black coal,,False
2008-09,Northern Territory,Brown coal,,False
2009-10,Northern Territory,Brown coal,,False
2010-11,Northern Territory,Brown coal,,False
2011-12,Northern Territory,Brown coal,,False
2012-13,Northern Territory,Brown coal,,False
2013-14,Northern Territory,Brown coal,,False
2014-15,Northern Territory,Brown coal,,False
2015-16,Northern Territory,Brown coal,,False
2016-17,Northern Territory,Brown coal,,False
2017-18,Northern Territory,Brown coal,,False
2018-19,Northern Territory,Brown coal,,False
2019-20,Northern Territory,Brown coal,,False
2020-21,Northern Territory,Brown coal,,False
2021-22,Northern Territory,Brown coal,,False
2022-23,Northern Territory,Brown coal,,False
2008-09,Northern Territory,Natural gas,1873.4,False
2009-10,Northern Territory,Natural gas,2134.9,False
2010-11,Northern Territory,Natural gas,2054.1,False
2011-12,Northern Territory,Natural gas,2109.3,False
2012-13,Northern Territory,Natural gas,2269.0,False
2013-14,Northern Territory,Natural gas,2308.9,False
2014-15,Northern Territory,Natural gas,2201.4,False
2015-16,Northern Territory,Natural gas,2484.714,False
2016-17,Northern Territory,Natural gas,2366.493,False
2017-18,Northern Territory,Natural gas,2437.758,False
2018-19,Northern Territory,Natural gas,3503.228,False
2019-20,Northern Territory,Natural gas,4285.007,False
2020-21,Northern Territory,Natural gas,4142.973,False
2021-22,Northern Territory,Natural gas,4561.489,False
2022-23,Northern Territory,Natural gas,4160.223,False
2008-09,Northern Territory,Oil products,1039.3,False
2009-10,Northern Territory,Oil products,1118.2,False
2010-11,Northern Territory,Oil products,1022.5,False
2011-12,Northern Territory,Oil products,1020.9,False
2012-13,Northern Territory,Oil products,1022.0,False
2013-14,Northern Territory,Oil products,1123.6,False
2014-15,Northern Territory,Oil products,751.3,False
2015-16,Northern Territory,Oil products,522.63,False
2016-17,Northern Territory,Oil products,537.402,False
2017-18,Northern Territory,Oil products,947.176,False
2018-19,Northern Territory,Oil products,794.978,False
2019-20,Northern Territory,Oil products,504.397,False
2020-21,Northern Territory,Oil products,502.491,False
2021-22,Northern Territory,Oil products,461.921,False
2022-23,Northern Territory,Oil products,527.223,False
2008-09,Northern Territory,Other a,,False
2009-10,Northern Territory,Other a,,False
2010-11,Northern Territory,Other a,,False
2011-12,Northern Territory,Other a,,False
2012-13,Northern Territory,Other a,,False
2013-14,Northern Territory,Other a,,False
2014-15,Northern Territory,Other a,,False
2015-16,Northern Territory,Other a,,False
2016-17,Northern Territory,Other a,,False
2017-18,Northern Territory,Other a,,False
2018-19,Northern Territory,Other a,,False
2019-20,Northern Territory,Other a,,False
2020-21,Northern Territory,Other a,,False
2021-22,Northern Territory,Other a,,False
2022-23,Northern Territory,Other a,,False
2008-09,Northern Territory,"Bagasse, wood",,True
2009-10,Northern Territory,"Bagasse, wood",,True
2010-11,Northern Territory,"Bagasse, wood",,True
2011-12,Northern Territory,"Bagasse, wood",,True
2012-13,Northern Territory,"Bagasse, wood",,True
2013-14,Northern Territory,"Bagasse, wood",,True
2014-15,Northern Territory,"Bagasse, wood",,True
2015-16,Northern Territory,"Bagasse, wood",,True
2016-17,Northern Territory,"Bagasse, wood",,True
2017-18,Northern Territory,"Bagasse, wood",,True
2018-19,Northern Territory,"Bagasse, wood",,True
2019-20,Northern Territory,"Bagasse, wood",,True
2020-21,Northern Territory,"Bagasse, wood",,True
2021-22,Northern Territory,"Bagasse, wood",,True
2022-23,Northern Territory,"Bagasse, wood",,True
2008-09,Northern Territory,Biogas,9.2,True
2009-10,Northern Territory,Biogas,9.2,True
2010-11,Northern Territory,Biogas,8.7,True
2011-12,Northern Territory,Biogas,7.7,True
2012-13,Northern Territory,Biogas,6.5,True
2013-14,Northern Territory,Biogas,8.9,True
2014-15,Northern Territory,Biogas,9.0,True
2015-16,Northern Territory,Biogas,7.688,True
2016-17,Northern Territory,Biogas,7.612,True
2017-18,Northern Territory,Biogas,8.608,True
2018-19,Northern Territory,Biogas,8.785,True
2019-20,Northern Territory,Biogas,8.722,True
2020-21,Northern Territory,Biogas,7.98,True
2021-22,Northern Territory,Biogas,5.976,True
2022-23,Northern Territory,Biogas,8.988,True
2008-09,Northern Territory,Wind,,True
2009-10,Northern Territory,Wind,,True
2010-11,Northern Territory,Wind,,True
2011-12,Northern Territory,Wind,,True
2012-13,Northern Territory,Wind,,True
2013-14,Northern Territory,Wind,,True
2014-15,Northern Territory,Wind,,True
2015-16,Northern Territory,Wind,,True
2016-17,Northern Territory,Wind,,True
2017-18,Northern Territory,Wind,,True
2018-19,Northern Territory,Wind,,True
2019-20,Northern Territory,Wind,,True
2020-21,Northern Territory,Wind,,True
2021-22,Northern Territory,Wind,,True
2022-23,Northern Territory,Wind,,True
2008-09,Northern Territory,Hydro,,True
2009-10,Northern Territory,Hydro,,True
2010-11,Northern Territory,Hydro,,True
2011-12,Northern Territory,Hydro,,True
2012-13,Northern Territory,Hydro,,True
2013-14,Northern Territory,Hydro,,True
2014-15,Northern Territory,Hydro,,True
2015-16,Northern Territory,Hydro,,True
2016-17,Northern Territory,Hydro,,True
2017-18,Northern Territory,Hydro,,True
2018-19,Northern Territory,Hydro,,True
2019-20,Northern Territory,Hydro,,True
2020-21,Northern Territory,Hydro,,True
2021-22,Northern Territory,Hydro,,True
2022-23,Northern Territory,Hydro,,True
2008-09,Northern Territory,Large-scale solar PV,,True
2009-10,Northern Territory,Large-scale solar PV,,True
2010-11,Northern Territory,Large-scale solar PV,,True
2011-12,Northern Territory,Large-scale solar PV,,True
2012-13,Northern Territory,Large-scale solar PV,,True
2013-14,Northern Territory,Large-scale solar PV,5.058,True
2014-15,Northern Territory,Large-scale solar PV,6.405,True
2015-16,Northern Territory,Large-scale solar PV,8.515,True
2016-17,Northern Territory,Large-scale solar PV,18.468,True
2017-18,Northern Territory,Large-scale solar PV,30.504,True
2018-19,Northern Territory,Large-scale solar PV,32.652,True
2019-20,Northern Territory,Large-scale solar PV,39.25,True
2020-21,Northern Territory,Large-scale solar PV,44.607,True
2021-22,Northern Territory,Large-scale solar PV,46.126,True
2022-23,Northern Territory,Large-scale solar PV,50.817,True
2008-09,Northern Territory,Small-scale solar PV,0.5,True
2009-10,Northern Territory,Small-scale solar PV,4.3,True
2010-11,Northern Territory,Small-scale solar PV,5.6,True
2011-12,Northern Territory,Small-scale solar PV,9.7,True
2012-13,Northern Territory,Small-scale solar PV,16.9,True
2013-14,Northern Territory,Small-scale solar PV,19.357,True
2014-15,Northern Territory,Small-scale solar PV,28.899,True
2015-16,Northern Territory,Small-scale solar PV,42.448,True
2016-17,Northern Territory,Small-scale solar PV,61.251,True
2017-18,Northern Territory,Small-scale solar PV,85.773,True
2018-19,Northern Territory,Small-scale solar PV,117.882,True
2019-20,Northern Territory,Small-scale solar PV,162.212,True
2020-21,Northern Territory,Small-scale solar PV,203.556,True
2021-22,Northern Territory,Small-scale solar PV,230.893,True
2022-23,Northern Territory,Small-scale solar PV,259.389,True
2008-09,Northern Territory,Geothermal,,True
2009-10,Northern Territory,Geothermal,,True
2010-11,Northern Territory,Geothermal,,True
2011-12,Northern Territory,Geothermal,,True
2012-13,Northern Territory,Geothermal,,True
2013-14,Northern Territory,Geothermal,,True
2014-15,Northern Territory,Geothermal,,True
2015-16,Northern Territory,Geothermal,,True
2016-17,Northern Territory,Geothermal,,True
2017-18,Northern Territory,Geothermal,,True
2018-19,Northern Territory,Geothermal,,True
2019-20,Northern Territory,Geothermal,,True
2020-21,Northern Territory,Geothermal,,True
2021-22,Northern Territory,Geothermal,,True
2022-23,Northern Territory,Geothermal,,True
2008-09,New South Wales,non_renewable_total,70120.1,False
2009-10,New South Wales,non_renewable_total,69085.5,False
2010-11,New South Wales,non_renewable_total,65536.3,False
2011-12,New South Wales,non_renewable_total,64707.9,False
2012-13,New South Wales,non_renewable_total,62158.2,False
2013-14,New South Wales,non_renewable_total,61518.495,False
2014-15,New South Wales,non_renewable_total,57374.89,False
2015-16,New South Wales,non_renewable_total,60252.593,False
2016-17,New South Wales,non_renewable_total,59619.497,False
2017-18,New South Wales,non_renewable_total,60392.35,False
2018-19,New South Wales,non_renewable_total,60417.819,False
2019-20,New South Wales,non_renewable_total,56774.898,False
2020-21,New South Wales,non_renewable_total,53034.595,False
2021-22,New South Wales,non_renewable_total,50627.581,False
2022-23,New South Wales,non_renewable_total,48489.888,False
2008-09,New South Wales,renewable_total,2249.277,True
2009-10,New South Wales,renewable_total,3922.326,True
2010-11,New South Wales,renewable_total,4144.569,True
2011-12,New South Wales,renewable_total,4624.525,True
2012-13,New South Wales,renewable_total,5827.089,True
2013-14,New South Wales,renewable_total,5478.144,True
2014-15,New South Wales,renewable_total,5441.551,True
2015-16,New South Wales,renewable_total,7976.784,True
2016-17,New South Wales,renewable_total,8539.75,True
2017-18,New South Wales,renewable_total,9332.271,True
2018-19,New South Wales,renewable_total,11142.976,True
2019-20,New South Wales,renewable_total,13289.838,True
2020-21,New South Wales,renewable_total,17128.232,True
2021-22,New South Wales,renewable_total,21471.577,True
2022-23,New South Wales,renewable_total,24579.818,True
2008-09,New South Wales,total,72369.377,
2009-10,New South Wales,total,73007.826,
2010-11,New South Wales,total,69680.869,
2011-12,New South Wales,total,69332.425,
2012-13,New South Wales,total,67985.289,
2013-14,New South Wales,total,66996.639,
2014-15,New South Wales,total,62816.441,
2015-16,New South Wales,total,68229.377,
2016-17,New South Wales,total,68159.247,
2017-18,New South Wales,total,69724.621,
2018-19,New South Wales,total,71560.795,
2019-20,New South Wales,total,70064.736,
2020-21,New South Wales,total,70162.827,
2021-22,New South Wales,total,72099.158,
2022-23,New South Wales,total,73069.706,
2008-09,Victoria,non_renewable_total,53566.3,False
2009-10,Victoria,non_renewable_total,53240.7,False
2010-11,Victoria,non_renewable_total,52394.5,False
2011-12,Victoria,non_renewable_total,53206.2,False
2012-13,Victoria,non_renewable_total,48576.0,False
2013-14,Victoria,non_renewable_total,47362.8,False
2014-15,Victoria,non_renewable_total,50883.677,False
2015-16,Victoria,non_renewable_total,48196.949,False
2016-17,Victoria,non_renewable_total,46362.117,False
2017-18,Victoria,non_renewable_total,40029.336,False
2018-19,Victoria,non_renewable_total,38033.936,False
2019-20,Victoria,non_renewable_total,36980.565,False
2020-21,Victoria,non_renewable_total,36196.013,False
2021-22,Victoria,non_renewable_total,34959.893,False
2022-23,Victoria,non_renewable_total,33411.677,False
2008-09,Victoria,renewable_total,3123.623,True
2009-10,Victoria,renewable_total,3750.574,True
2010-11,Victoria,renewable_total,5890.122,True
2011-12,Victoria,renewable_total,5047.522,True
2012-13,Victoria,renewable_total,6724.111,True
2013-14,Victoria,renewable_total,6932.353,True
2014-15,Victoria,renewable_total,7137.534,True
2015-16,Victoria,renewable_total,8385.587,True
2016-17,Victoria,renewable_total,9174.092,True
2017-18,Victoria,renewable_total,9328.798,True
2018-19,Victoria,renewable_total,10662.034,True
2019-20,Victoria,renewable_total,12016.336,True
2020-21,Victoria,renewable_total,15293.467,True
2021-22,Victoria,renewable_total,18947.673,True
2022-23,Victoria,renewable_total,21556.086,True
2008-09,Victoria,total,56689.923,
2009-10,Victoria,total,56991.274,
2010-11,Victoria,total,58284.622,
2011-12,Victoria,total,58253.722,
2012-13,Victoria,total,55300.111,
2013-14,Victoria,total,54295.153,
2014-15,Victoria,total,58021.211,
2015-16,Victoria,total,56582.536,
2016-17,Victoria,total,55536.21,
2017-18,Victoria,total,49358.134,
2018-19,Victoria,total,48695.97,
2019-20,Victoria,total,48996.901,
2020-21,Victoria,total,51489.48,
2021-22,Victoria,total,53907.566,
2022-23,Victoria,total,54967.763,
2008-09,Queensland,non_renewable_total,60850.8,False
2009-10,Queensland,non_renewable_total,62105.0,False
2010-11,Queensland,non_renewable_total,60833.3,False
2011-12,Queensland,non_renewable_total,61026.7,False
2012-13,Queensland,non_renewable_total,59367.7,False
2013-14,Queensland,non_renewable_total,56674.5,False
2014-15,Queensland,non_renewable_total,63999.5,False
2015-16,Queensland,non_renewable_total,63031.85,False
2016-17,Queensland,non_renewable_total,64495.152,False
2017-18,Queensland,non_renewable_total,65728.454,False
2018-19,Queensland,non_renewable_total,63055.128,False
2019-20,Queensland,non_renewable_total,60766.749,False
2020-21,Queensland,non_renewable_total,57607.528,False
2021-22,Queensland,non_renewable_total,55064.589,False
2022-23,Queensland,non_renewable_total,53579.665,False
2008-09,Queensland,renewable_total,2487.3,True
2009-10,Queensland,renewable_total,2273.509,True
2010-11,Queensland,renewable_total,2314.7,True
2011-12,Queensland,renewable_total,2636.5,True
2012-13,Queensland,renewable_total,3264.7,True
2013-14,Queensland,renewable_total,3805.465,True
2014-15,Queensland,renewable_total,4117.542,True
2015-16,Queensland,renewable_total,4355.282,True
2016-17,Queensland,renewable_total,4481.666,True
2017-18,Queensland,renewable_total,4988.108,True
2018-19,Queensland,renewable_total,7611.352,True
2019-20,Queensland,renewable_total,10236.245,True
2020-21,Queensland,renewable_total,12607.874,True
2021-22,Queensland,renewable_total,14168.523,True
2022-23,Queensland,renewable_total,17159.297,True
2008-09,Queensland,total,63338.1,
2009-10,Queensland,total,64378.509,
2010-11,Queensland,total,63148.0,
2011-12,Queensland,total,63663.2,
2012-13,Queensland,total,62632.4,
2013-14,Queensland,total,60479.965,
2014-15,Queensland,total,68117.042,
2015-16,Queensland,total,67387.132,
2016-17,Queensland,total,68976.818,
2017-18,Queensland,total,70716.563,
2018-19,Queensland,total,70666.48,
2019-20,Queensland,total,71002.994,
2020-21,Queensland,total,70215.402,
2021-22,Queensland,total,69233.112,
2022-23,Queensland,total,70738.962,
2008-09,Western Australia,non_renewable_total,24758.5,False
2009-10,Western Australia,non_renewable_total,26991.9,False
2010-11,Western Australia,non_renewable_total,29881.8,False
2011-12,Western Australia,non_renewable_total,29492.8,False
2012-13,Western Australia,non_renewable_total,29967.0,False
2013-14,Western Australia,non_renewable_total,34251.4,False
2014-15,Western Australia,non_renewable_total,35159.704,False
2015-16,Western Australia,non_renewable_total,36159.649,False
2016-17,Western Australia,non_renewable_total,37051.041,False
2017-18,Western Australia,non_renewable_total,37987.48,False
2018-19,Western Australia,non_renewable_total,38150.129,False
2019-20,Western Australia,non_renewable_total,38945.516,False
2020-21,Western Australia,non_renewable_total,37351.004,False
2021-22,Western Australia,non_renewable_total,37168.239,False
2022-23,Western Australia,non_renewable_total,36841.251,False
2008-09,Western Australia,renewable_total,813.4,True
2009-10,Western Australia,renewable_total,842.7,True
2010-11,Western Australia,renewable_total,1029.1,True
2011-12,Western Australia,renewable_total,1735.8,True
2012-13,Western Australia,renewable_total,2079.3,True
2013-14,Western Australia,renewable_total,2428.186,True
2014-15,Western Australia,renewable_total,2622.214,True
2015-16,Western Australia,renewable_total,2577.151,True
2016-17,Western Australia,renewable_total,2987.911,True
2017-18,Western Australia,renewable_total,3190.915,True
2018-19,Western Australia,renewable_total,3760.71,True
2019-20,Western Australia,renewable_total,4450.522,True
2020-21,Western Australia,renewable_total,6164.277,True
2021-22,Western Australia,renewable_total,7381.045,True
2022-23,Western Australia,renewable_total,7636.963,True
2008-09,Western Australia,total,25571.9,
2009-10,Western Australia,total,27834.6,
2010-11,Western Australia,total,30910.9,
2011-12,Western Australia,total,31228.6,
2012-13,Western Australia,total,32046.3,
2013-14,Western Australia,total,36679.586,
2014-15,Western Australia,total,37781.918,
2015-16,Western Australia,total,38736.8,
2016-17,Western Australia,total,40038.952,
2017-18,Western Australia,total,41178.395,
2018-19,Western Australia,total,41910.839,
2019-20,Western Australia,total,43396.038,
2020-21,Western Australia,total,43515.282,
2021-22,Western Australia,total,44549.284,
2022-23,Western Australia,total,44478.213,
2008-09,South Australia,non_renewable_total,12322.0,False
2009-10,South Australia,non_renewable_total,11627.5,False
2010-11,South Australia,non_renewable_total,11014.0,False
2011-12,South Australia,non_renewable_total,9809.0,False
2012-13,South Australia,non_renewable_total,9439.4,False
2013-14,South Australia,non_renewable_total,8203.5,False
2014-15,South Australia,non_renewable_total,7834.749,False
2015-16,South Australia,non_renewable_total,7685.867,False
2016-17,South Australia,non_renewable_total,6211.32,False
2017-18,South Australia,non_renewable_total,7886.034,False
2018-19,South Australia,non_renewable_total,7408.831,False
2019-20,South Australia,non_renewable_total,6773.406,False
2020-21,South Australia,non_renewable_total,5715.687,False
2021-22,South Australia,non_renewable_total,4506.864,False
2022-23,South Australia,non_renewable_total,4146.455,False
2008-09,South Australia,renewable_total,2133.8,True
2009-10,South Australia,renewable_total,2169.4,True
2010-11,South Australia,renewable_total,3155.0,True
2011-12,South Australia,renewable_total,3599.628,True
2012-13,South Australia,renewable_total,3950.6,True
2013-14,South Australia,renewable_total,4916.465,True
2014-15,South Australia,renewable_total,5191.562,True
2015-16,South Australia,renewable_total,5396.549,True
2016-17,South Australia,renewable_total,5499.925,True
2017-18,South Australia,renewable_total,6937.615,True
2018-19,South Australia,renewable_total,7528.675,True
2019-20,South Australia,renewable_total,8266.039,True
2020-21,South Australia,renewable_total,8977.631,True
2021-22,South Australia,renewable_total,9953.499,True
2022-23,South Australia,renewable_total,11362.41,True
2008-09,South Australia,total,14455.8,
2009-10,South Australia,total,13796.9,
2010-11,South Australia,total,14169.0,
2011-12,South Australia,total,13408.628,
2012-13,South Australia,total,13390.0,
2013-14,South Australia,total,13119.965,
2014-15,South Australia,total,13026.311,
2015-16,South Australia,total,13082.416,
2016-17,South Australia,total,11711.245,
2017-18,South Australia,total,14823.649,
2018-19,South Australia,total,14937.506,
2019-20,South Australia,total,15039.445,
2020-21,South Australia,total,14693.318,
2021-22,South Australia,total,14460.363,
2022-23,South Australia,total,15508.865,
2008-09,Tasmania,non_renewable_total,769.8,False
2009-10,Tasmania,non_renewable_total,1183.7,False
2010-11,Tasmania,non_renewable_total,1600.9,False
2011-12,Tasmania,non_renewable_total,1623.2,False
2012-13,Tasmania,non_renewable_total,1764.6,False
2013-14,Tasmania,non_renewable_total,1004.7,False
2014-15,Tasmania,non_renewable_total,149.942,False
2015-16,Tasmania,non_renewable_total,948.282,False
2016-17,Tasmania,non_renewable_total,919.37,False
2017-18,Tasmania,non_renewable_total,1004.673,False
2018-19,Tasmania,non_renewable_total,639.056,False
2019-20,Tasmania,non_renewable_total,217.312,False
2020-21,Tasmania,non_renewable_total,205.966,False
2021-22,Tasmania,non_renewable_total,185.438,False
2022-23,Tasmania,non_renewable_total,206.236,False
2008-09,Tasmania,renewable_total,7827.397,True
2009-10,Tasmania,renewable_total,8831.1,True
2010-11,Tasmania,renewable_total,9976.5,True
2011-12,Tasmania,renewable_total,8994.6,True
2012-13,Tasmania,renewable_total,11330.2,True
2013-14,Tasmania,renewable_total,12994.756,True
2014-15,Tasmania,renewable_total,9480.946,True
2015-16,Tasmania,renewable_total,9396.045,True
2016-17,Tasmania,renewable_total,9683.9,True
2017-18,Tasmania,renewable_total,10740.248,True
2018-19,Tasmania,renewable_total,11158.569,True
2019-20,Tasmania,renewable_total,11461.179,True
2020-21,Tasmania,renewable_total,10370.566,True
2021-22,Tasmania,renewable_total,11790.255,True
2022-23,Tasmania,renewable_total,10498.456,True
2008-09,Tasmania,total,8597.197,
2009-10,Tasmania,total,10014.8,
2010-11,Tasmania,total,11577.4,
2011-12,Tasmania,total,10617.8,
2012-13,Tasmania,total,13094.8,
2013-14,Tasmania,total,13999.456,
2014-15,Tasmania,total,9630.888,
2015-16,Tasmania,total,10344.327,
2016-17,Tasmania,total,10603.27,
2017-18,Tasmania,total,11744.921,
2018-19,Tasmania,total,11797.625,
2019-20,Tasmania,total,11678.491,
2020-21,Tasmania,total,10576.532,
2021-22,Tasmania,total,11975.694,
2022-23,Tasmania,total,10704.692,
2008-09,Northern Territory,non_renewable_total,2912.7,False
2009-10,Northern Territory,non_renewable_total,3253.1,False
2010-11,Northern Territory,non_renewable_total,3076.6,False
2011-12,Northern Territory,non_renewable_total,3130.2,False
2012-13,Northern Territory,non_renewable_total,3291.0,False
2013-14,Northern Territory,non_renewable_total,3432.5,False
2014-15,Northern Territory,non_renewable_total,2952.7,False
2015-16,Northern Territory,non_renewable_total,3007.344,False
2016-17,Northern Territory,non_renewable_total,2903.895,False
2017-18,Northern Territory,non_renewable_total,3384.935,False
2018-19,Northern Territory,non_renewable_total,4298.205,False
2019-20,Northern Territory,non_renewable_total,4789.404,False
2020-21,Northern Territory,non_renewable_total,4645.465,False
2021-22,Northern Territory,non_renewable_total,5023.411,False
2022-23,Northern Territory,non_renewable_total,4687.446,False
2008-09,Northern Territory,renewable_total,9.7,True
2009-10,Northern Territory,renewable_total,13.5,True
2010-11,Northern Territory,renewable_total,14.3,True
2011-12,Northern Territory,renewable_total,17.4,True
2012-13,Northern Territory,renewable_total,23.4,True
2013-14,Northern Territory,renewable_total,33.315,True
2014-15,Northern Territory,renewable_total,44.304,True
2015-16,Northern Territory,renewable_total,58.651,True
2016-17,Northern Territory,renewable_total,87.331,True
2017-18,Northern Territory,renewable_total,124.884,True
2018-19,Northern Territory,renewable_total,159.319,True
2019-20,Northern Territory,renewable_total,210.183,True
2020-21,Northern Territory,renewable_total,256.144,True
2021-22,Northern Territory,renewable_total,282.994,True
2022-23,Northern Territory,renewable_total,319.194,True
2008-09,Northern Territory,total,2922.4,
2009-10,Northern Territory,total,3266.6,
2010-11,Northern Territory,total,3090.9,
2011-12,Northern Territory,total,3147.6,
2012-13,Northern Territory,total,3314.4,
2013-14,Northern Territory,total,3465.815,
2014-15,Northern Territory,total,2997.004,
2015-16,Northern Territory,total,3065.995,
2016-17,Northern Territory,total,2991.226,
2017-18,Northern Territory,total,3509.819,
2018-19,Northern Territory,total,4457.524,
2019-20,Northern Territory,total,4999.587,
2020-21,Northern Territory,total,4901.608,
2021-22,Northern Territory,total,5306.405,
2022-23,Northern Territory,total,5006.64,
